parameters,Values,Cost
V_mG1,50.2315012236632,0.2554024984735669
V_mGK,376.9746981515903,0.2554024984735669
V_mPDH,30.239385701281936,0.2554024984735669
k_HYD,0.057518165085497425,0.2554024984735669
k_PMCA,37.99415548843189,0.2554024984735669
a_1,249.99936101490516,0.2554024984735669
K_mPyr,0.052593724949417206,0.2554024984735669
V_O,32.688762359490774,0.2554024984735669
